[{"Full Name":"Andrews, Kristen","Email":"rhoncus@eueros.co.uk","Company":"","Specialization":""},
{"Full Name":"Small, Amir","Email":"Curabitur@Nulla.ca","Company":"Google","Specialization":""},
{"Full Name":"Case, Kennedy","Email":"non.egestas@convallis.edu","Company":"","Specialization":"BigData"},
{"Full Name":"Perry, Dalton","Email":"ultricies@facilisisegetipsum.ca","Company":"Microsoft","Specialization":"BigData, SysAdmin"},
{"Full Name":"Cochran, Brittany","Email":"Mauris.molestie@etpede.edu","Company":"Google, FaceBook","Specialization":"WebDev"},
{"Full Name":"Holt, Ainsley","Email":"auctor.vitae@ligulatortor.co.uk","Company":"Microsoft, Intel, Apple, Google","Specialization":"Security"},
{"Full Name":"Hines, Ferris","Email":"erat.Vivamus@faucibusleo.org","Company":"Apple, FaceBook, Oracle, Google","Specialization":"Security, DevOps, WebDev"}]
