[
  {
    "Full Name": "Andrews, Kristen",
    "Email": "rhoncus@eueros.co.uk",
    "Companies": [
      {
        "Name": ""
      }
    ],
    "Specialization": [
      {
        "Type": ""
      }
    ]
  },
  {
    "Full Name": "Small, Amir",
    "Email": "Curabitur@Nulla.ca",
    "Companies": [
      {
        "Name": "Google"
      }
    ],
    "Specialization": [
      {
        "Type": ""
      }
    ]
  },
  {
    "Full Name": "Case, Kennedy",
    "Email": "non.egestas@convallis.edu",
    "Companies": [
      {
        "Name": ""
      }
    ],
    "Specialization": [
      {
        "Type": "BigData"
      }
    ]
  },
  {
    "Full Name": "Perry, Dalton",
    "Email": "ultricies@facilisisegetipsum.ca",
    "Companies": [
      {
        "Name": "Microsoft"
      }
    ],
    "Specialization": [
      {
        "Type": "BigData"
      },
      {
        "Type": "SysAdmin"
      }
    ]
  },
  {
    "Full Name": "Cochran, Brittany",
    "Email": "Mauris.molestie@etpede.edu",
    "Companies": [
      {
        "Name": "Google"
      },
      {
        "Name": "FaceBook"
      }
    ],
    "Specialization": [
      {
        "Type": "WebDev"
      }
    ]
  },
  {
    "Full Name": "Holt, Ainsley",
    "Email": "auctor.vitae@ligulatortor.co.uk",
    "Companies": [
      {
        "Name": "Microsoft"
      },
      {
        "Name": "Intel"
      },
      {
        "Name": "Apple"
      },
      {
        "Name": "Google"
      }
    ],
    "Specialization": [
      {
        "Type": "Security"
      }
    ]
  },
  {
    "Full Name": "Hines, Ferris",
    "Email": "erat.Vivamus@faucibusleo.org",
    "Companies": [
      {
        "Name": "Apple"
      },
      {
        "Name": "FaceBook"
      },
      {
        "Name": "Oracle"
      },
      {
        "Name": "Google"
      }
    ],
    "Specialization": [
      {
        "Type": "Security"
      },
      {
        "Type": "DevOps"
      },
      {
        "Type": "WebDev"
      }
    ]
  }
]
